"","Mean","Median","Mode","ESS","HDImass","HDIlow","HDIhigh","CompVal","PcntGtCompVal","ROPElow","ROPEhigh","PcntLtROPE","PcntInROPE","PcntGtROPE"
"beta0",-16.6770196749578,-16.6696176208669,-16.6195128990253,43660.3,0.95,-25.8101904521424,-7.95449415342325,NA,NA,NA,NA,NA,NA,NA
"beta1",0.38286502563762,0.382774250758954,0.381324950144277,43607.5,0.95,0.259983160239009,0.508757720538903,NA,NA,NA,NA,NA,NA,NA
"sigma",0.433301774780936,0.426080558188625,0.408518804696948,30322.7,0.95,0.310359922405586,0.570456510452998,NA,NA,NA,NA,NA,NA,NA
"nu",37.9700885923163,29.4713396523639,13.3690472795764,10958,0.95,1.96423127255287,97.7429230484347,NA,NA,NA,NA,NA,NA,NA
"log10(nu)",1.44816861003627,1.46939987762269,1.48821342042385,16324.9,0.95,0.745056753925647,2.09107537532837,NA,NA,NA,NA,NA,NA,NA
